<keymap version="1" name="macOS copy" parent="Mac OS X 10.5+">
  <action id="ActivateFindToolWindow" />
  <action id="ActivateTerminalToolWindow">
    <keyboard-shortcut first-keystroke="meta 3" />
  </action>
  <action id="Blaze.IncrementalSyncProject">
    <keyboard-shortcut first-keystroke="ctrl meta b" />
  </action>
  <action id="Blaze.OpenCorrespondingBuildFile">
    <keyboard-shortcut first-keystroke="meta u" />
  </action>
  <action id="CheckinProject" />
  <action id="ClangFormat.ClangFormatAuto">
    <keyboard-shortcut first-keystroke="meta k" />
  </action>
  <action id="FileChooser.GotoModule" />
  <action id="GotoSuperMethod" />
  <action id="OpenEditorInOppositeTabGroup">
    <mouse-shortcut keystroke="meta button5" />
  </action>
</keymap>